,Date,sensor,value
0,06/02/21 12:57:56,Temperatura,31.275400614825497
1,06/02/21 12:57:57,Temperatura,32.1799475085826
1,06/02/21 12:57:57,Maximo,32.1799475085826
1,06/02/21 12:57:57,Minimo,31.275400614825497
1,06/02/21 12:57:57,Mediana,31.72767406170405
1,06/02/21 12:57:57,Promedio,31.72767406170405
1,06/02/21 12:57:57,Desviacion,0.45227344687855187
2,06/02/21 12:57:58,Temperatura,27.510376918145283
3,06/02/21 12:57:59,Temperatura,24.532998293015613
4,06/02/21 12:58:00,Temperatura,28.91967638642134
5,06/02/21 12:58:01,Temperatura,32.31185393689399
6,06/02/21 12:58:02,Temperatura,30.722066425876193
7,06/02/21 12:58:03,Temperatura,17.419651786908496
8,06/02/21 12:58:04,Temperatura,27.66638062492573
9,06/02/21 12:58:05,Temperatura,30.943349682651
10,06/02/21 12:58:06,Temperatura,31.30374199689986
11,06/02/21 12:58:07,Temperatura,31.5410219188062
12,06/02/21 12:58:08,Temperatura,35.87321667342124
13,06/02/21 12:58:09,Temperatura,31.12627647017415
14,06/02/21 12:58:10,Temperatura,35.629713205000186
15,06/02/21 12:58:11,Temperatura,29.726850352563243
1,06/02/21 12:58:11,Maximo,35.87321667342124
1,06/02/21 12:58:11,Minimo,17.419651786908496
1,06/02/21 12:58:11,Mediana,31.034813076412576
1,06/02/21 12:58:11,Promedio,29.917657674694414
1,06/02/21 12:58:11,Desviacion,4.224900940763508
16,06/02/21 12:58:12,Temperatura,33.98401782873738
17,06/02/21 12:58:13,Temperatura,25.085954527722123
18,06/02/21 12:58:14,Temperatura,29.69811104205878
1,06/02/21 12:58:15,Maximo,35.87321667342124
1,06/02/21 12:58:15,Minimo,17.419651786908496
1,06/02/21 12:58:15,Mediana,30.943349682651
1,06/02/21 12:58:15,Promedio,29.865821378612054
1,06/02/21 12:58:15,Desviacion,4.138868363293361
19,06/02/21 12:58:15,Temperatura,29.70170229782268
20,06/02/21 12:58:16,Temperatura,25.023707467216216
21,06/02/21 12:58:17,Temperatura,27.077165639771113
1,06/02/21 12:58:18,Maximo,35.87321667342124
1,06/02/21 12:58:18,Minimo,17.419651786908496
1,06/02/21 12:58:18,Mediana,30.22445838921972
1,06/02/21 12:58:18,Promedio,29.511508254474503
1,06/02/21 12:58:18,Desviacion,4.011133182097564
22,06/02/21 12:58:18,Temperatura,25.72318621586658
23,06/02/21 12:58:19,Temperatura,24.15311264277444
24,06/02/21 12:58:20,Temperatura,27.16524950398863
25,06/02/21 12:58:21,Temperatura,33.23923475483711
1,06/02/21 12:58:22,Maximo,35.87321667342124
1,06/02/21 12:58:22,Minimo,17.419651786908496
1,06/02/21 12:58:22,Mediana,29.714276325192962
1,06/02/21 12:58:22,Promedio,29.212844796765605
1,06/02/21 12:58:22,Desviacion,3.990891711132895
26,06/02/21 12:58:22,Temperatura,31.42124359168279
27,06/02/21 12:58:23,Temperatura,27.44593880277317
28,06/02/21 12:58:24,Temperatura,24.882395859420097
29,06/02/21 12:58:26,Temperatura,29.714612175405748
30,06/02/21 12:58:27,Temperatura,34.801969480220784
31,06/02/21 12:58:28,Temperatura,25.664113050011057
1,06/02/21 12:58:28,Maximo,35.87321667342124
1,06/02/21 12:58:28,Minimo,17.419651786908496
1,06/02/21 12:58:28,Mediana,29.708157236614213
1,06/02/21 12:58:28,Promedio,29.170757427356858
1,06/02/21 12:58:28,Desviacion,3.8926465213043624
32,06/02/21 12:58:29,Temperatura,27.271435851243307
33,06/02/21 12:58:30,Temperatura,26.32727006417273
34,06/02/21 12:58:31,Temperatura,34.475842767113285
35,06/02/21 12:58:32,Temperatura,22.845750593027244
36,06/02/21 12:58:33,Temperatura,26.8976838858775
37,06/02/21 12:58:34,Temperatura,32.02878179614175
38,06/02/21 12:58:35,Temperatura,25.982813227670736
39,06/02/21 12:58:36,Temperatura,30.436755910169282
40,06/02/21 12:58:37,Temperatura,40.50380173547872
41,06/02/21 12:58:38,Temperatura,28.487043395675688
42,06/02/21 12:58:39,Temperatura,26.944032391809824
43,06/02/21 12:58:40,Temperatura,30.496742862852503
44,06/02/21 12:58:41,Temperatura,36.249073272667786
45,06/02/21 12:58:42,Temperatura,20.981459220548338
46,06/02/21 12:58:43,Temperatura,31.811321796646165
47,06/02/21 12:58:44,Temperatura,29.282803320863863
48,06/02/21 12:58:45,Temperatura,30.658769575704618
49,06/02/21 12:58:46,Temperatura,22.978024082183754
50,06/02/21 12:58:47,Temperatura,30.510342158356174
51,06/02/21 12:58:48,Temperatura,31.320033489567376
52,06/02/21 12:58:49,Temperatura,31.60629628596783
53,06/02/21 12:58:50,Temperatura,35.62137011446898
54,06/02/21 12:58:51,Temperatura,30.342664339879576
55,06/02/21 12:58:52,Temperatura,34.96712215435109
56,06/02/21 12:58:53,Temperatura,34.66587926303025
57,06/02/21 12:58:54,Temperatura,22.068673759537496
58,06/02/21 12:58:55,Temperatura,44.44264700931737
59,06/02/21 12:58:56,Temperatura,25.832081998210697
60,06/02/21 12:58:57,Temperatura,27.77110231705427
61,06/02/21 12:58:58,Temperatura,34.967285857156405
62,06/02/21 12:58:59,Temperatura,36.4769241851225
63,06/02/21 12:59:00,Temperatura,34.11364208413123
64,06/02/21 12:59:01,Temperatura,29.692103608907356
65,06/02/21 12:59:02,Temperatura,34.26284687894545
66,06/02/21 12:59:03,Temperatura,29.90079200644177
67,06/02/21 12:59:05,Temperatura,23.19671762385194
68,06/02/21 12:59:06,Temperatura,33.81982695551742
69,06/02/21 12:59:07,Temperatura,33.55857960679478
70,06/02/21 12:59:08,Temperatura,24.083038955425156
71,06/02/21 12:59:09,Temperatura,28.566996039818566
72,06/02/21 12:59:10,Temperatura,37.497773721698636
73,06/02/21 12:59:11,Temperatura,29.6804198992807
74,06/02/21 12:59:12,Temperatura,29.910607740343806
75,06/02/21 12:59:13,Temperatura,32.05204674897187
76,06/02/21 12:59:14,Temperatura,32.560977694477856
77,06/02/21 12:59:15,Temperatura,26.87787256716644
78,06/02/21 12:59:16,Temperatura,21.63871402320325
79,06/02/21 12:59:17,Temperatura,33.383594956626474
80,06/02/21 12:59:18,Temperatura,31.29525448912998
81,06/02/21 12:59:19,Temperatura,32.57667907421628
82,06/02/21 12:59:20,Temperatura,32.29452807030064
83,06/02/21 12:59:21,Temperatura,27.32094611104333
84,06/02/21 12:59:22,Temperatura,34.30840178376757
85,06/02/21 12:59:23,Temperatura,32.868599782041755
86,06/02/21 12:59:24,Temperatura,32.37288056044519
87,06/02/21 12:59:25,Temperatura,31.575626807432542
88,06/02/21 12:59:26,Temperatura,35.04149304245706
89,06/02/21 12:59:27,Temperatura,32.63621655544882
90,06/02/21 12:59:28,Temperatura,24.33458214639361
91,06/02/21 12:59:29,Temperatura,35.458110018918774
92,06/02/21 12:59:30,Temperatura,18.92240598434066
93,06/02/21 12:59:31,Temperatura,33.99545463038376
94,06/02/21 12:59:32,Temperatura,27.824857196604064
95,06/02/21 12:59:33,Temperatura,34.058217253028545
96,06/02/21 12:59:34,Temperatura,29.6824470702976
97,06/02/21 12:59:35,Temperatura,32.86431749136629
98,06/02/21 12:59:36,Temperatura,23.79281186280773
99,06/02/21 12:59:37,Temperatura,31.49428108116568
100,06/02/21 12:59:38,Temperatura,35.02689338848726
101,06/02/21 12:59:39,Temperatura,31.618299628341514
102,06/02/21 12:59:41,Temperatura,26.41903838728267
103,06/02/21 12:59:42,Temperatura,33.28132821374353
104,06/02/21 12:59:43,Temperatura,30.08326047444815
105,06/02/21 12:59:44,Temperatura,29.617882576796777
106,06/02/21 12:59:45,Temperatura,31.03257696711349
107,06/02/21 12:59:46,Temperatura,28.64343180438888
108,06/02/21 12:59:47,Temperatura,38.0112307218374
109,06/02/21 12:59:48,Temperatura,33.118498492569294
110,06/02/21 12:59:49,Temperatura,26.850020333585782
111,06/02/21 12:59:50,Temperatura,29.796328480939682
112,06/02/21 12:59:51,Temperatura,30.21375497333957
113,06/02/21 12:59:52,Temperatura,39.37362890282845
114,06/02/21 12:59:53,Temperatura,35.1601066909908
115,06/02/21 12:59:54,Temperatura,32.429233362294354
116,06/02/21 12:59:55,Temperatura,17.668862423456993
117,06/02/21 12:59:56,Temperatura,35.451846380036635
118,06/02/21 12:59:57,Temperatura,23.526776027972574
119,06/02/21 12:59:58,Temperatura,25.83098458322275
120,06/02/21 12:59:59,Temperatura,36.78770874273582
121,06/02/21 13:00:00,Temperatura,35.84492565352937
122,06/02/21 13:00:01,Temperatura,36.33533511727396
123,06/02/21 13:00:02,Temperatura,32.27809938357029
124,06/02/21 13:00:03,Temperatura,21.85919987459216
125,06/02/21 13:00:04,Temperatura,40.5424834481437
126,06/02/21 13:00:05,Temperatura,34.43995494919948
127,06/02/21 13:00:06,Temperatura,25.205281011458144
128,06/02/21 13:00:07,Temperatura,36.15262161450287
129,06/02/21 13:00:08,Temperatura,24.753670563309992
130,06/02/21 13:00:09,Temperatura,28.21233371652825
131,06/02/21 13:00:10,Temperatura,28.73605265997599
132,06/02/21 13:00:11,Temperatura,23.06913120346392
133,06/02/21 13:00:12,Temperatura,23.694204941038677
134,06/02/21 13:00:13,Temperatura,34.78608976126594
135,06/02/21 13:00:14,Temperatura,26.341925723767893
136,06/02/21 13:00:15,Temperatura,27.14204885964042
137,06/02/21 13:00:16,Temperatura,28.376516513143297
138,06/02/21 13:00:17,Temperatura,30.204668798960803
139,06/02/21 13:00:18,Temperatura,24.16520001254643
140,06/02/21 13:00:20,Temperatura,24.800143413710497
141,06/02/21 13:00:21,Temperatura,32.65292626189795
142,06/02/21 13:00:22,Temperatura,28.28380985869459
143,06/02/21 13:00:23,Temperatura,27.138822680983175
144,06/02/21 13:00:24,Temperatura,35.367130008610324
145,06/02/21 13:00:25,Temperatura,29.066737987701362
146,06/02/21 13:00:26,Temperatura,28.657538965108955
147,06/02/21 13:00:27,Temperatura,23.474409766715304
148,06/02/21 13:00:28,Temperatura,29.118551804781212
149,06/02/21 13:00:29,Temperatura,40.42077811483629
150,06/02/21 13:00:30,Temperatura,33.19179682701846
151,06/02/21 13:00:31,Temperatura,38.19870587640905
152,06/02/21 13:00:32,Temperatura,29.399459845652245
153,06/02/21 13:00:33,Temperatura,40.24537386840614
154,06/02/21 13:00:34,Temperatura,28.645214022842
155,06/02/21 13:00:35,Temperatura,31.447326987249447
156,06/02/21 13:00:36,Temperatura,32.692938817580455
157,06/02/21 13:00:37,Temperatura,37.7337986119205
158,06/02/21 13:00:38,Temperatura,31.994521398391036
159,06/02/21 13:00:39,Temperatura,23.609956285565733
160,06/02/21 13:00:40,Temperatura,28.65340118200032
161,06/02/21 13:00:41,Temperatura,23.340748654301738
162,06/02/21 13:00:42,Temperatura,38.39773682430636
163,06/02/21 13:00:43,Temperatura,34.76623117629808
164,06/02/21 13:00:44,Temperatura,24.571912159036742
165,06/02/21 13:00:45,Temperatura,27.07064325079676
166,06/02/21 13:00:46,Temperatura,32.01219524141919
167,06/02/21 13:00:47,Temperatura,28.60573087386972
168,06/02/21 13:00:48,Temperatura,22.79281634984033
169,06/02/21 13:00:49,Temperatura,32.871896846988825
170,06/02/21 13:00:50,Temperatura,30.144829104396106
171,06/02/21 13:00:51,Temperatura,28.68339208158766
172,06/02/21 13:00:52,Temperatura,35.54513339538061
173,06/02/21 13:00:53,Temperatura,31.65800769992211
174,06/02/21 13:00:54,Temperatura,28.84499754600159
175,06/02/21 13:00:55,Temperatura,29.906975248964123
176,06/02/21 13:00:56,Temperatura,35.36118098043911
177,06/02/21 13:00:57,Temperatura,28.51313194889521
178,06/02/21 13:00:58,Temperatura,30.97148447971873
179,06/02/21 13:00:59,Temperatura,28.487935543757494
180,06/02/21 13:01:01,Temperatura,29.86982448276116
181,06/02/21 13:01:02,Temperatura,27.050732095509144
182,06/02/21 13:01:03,Temperatura,34.058949193827615
183,06/02/21 13:01:04,Temperatura,28.571313351533725
184,06/02/21 13:01:05,Temperatura,25.61417092605929
185,06/02/21 13:01:06,Temperatura,29.411700791937665
186,06/02/21 13:01:07,Temperatura,25.990896737621355
187,06/02/21 13:01:08,Temperatura,20.96512951618796
188,06/02/21 13:01:09,Temperatura,30.142789873657968
189,06/02/21 13:01:10,Temperatura,31.82848034517071
190,06/02/21 13:01:11,Temperatura,22.688430575783283
191,06/02/21 13:01:12,Temperatura,29.48028996005961
192,06/02/21 13:01:13,Temperatura,29.26674732317131
193,06/02/21 13:01:14,Temperatura,36.22726242223732
194,06/02/21 13:01:15,Temperatura,27.19812719312609
195,06/02/21 13:01:16,Temperatura,34.11660751852714
196,06/02/21 13:01:17,Temperatura,32.6335688387963
197,06/02/21 13:01:18,Temperatura,35.01222015368501
198,06/02/21 13:01:19,Temperatura,32.74923373488894
199,06/02/21 13:01:20,Temperatura,34.580956379432436
200,06/02/21 13:01:21,Temperatura,32.152906783806976
201,06/02/21 13:01:22,Temperatura,35.7441378980073
202,06/02/21 13:01:23,Temperatura,25.151149486563114
203,06/02/21 13:01:24,Temperatura,32.454421051607554
204,06/02/21 13:01:25,Temperatura,25.460187432327693
205,06/02/21 13:01:26,Temperatura,30.059081266905515
206,06/02/21 13:01:27,Temperatura,34.122913427795936
207,06/02/21 13:01:28,Temperatura,37.808757328016526
208,06/02/21 13:01:29,Temperatura,37.12761153785083
209,06/02/21 13:01:30,Temperatura,17.529578654737364
210,06/02/21 13:01:31,Temperatura,38.63943065914202
211,06/02/21 13:01:32,Temperatura,29.845668360853676
212,06/02/21 13:01:33,Temperatura,24.37477372262066
213,06/02/21 13:01:34,Temperatura,40.252171625336544
214,06/02/21 13:01:35,Temperatura,33.69476667381853
215,06/02/21 13:01:36,Temperatura,17.818216622374997
216,06/02/21 13:01:37,Temperatura,27.758157589656896
217,06/02/21 13:01:38,Temperatura,25.390395941759984
218,06/02/21 13:01:40,Temperatura,28.06506451290934
219,06/02/21 13:01:41,Temperatura,31.644652963486948
220,06/02/21 13:01:42,Temperatura,20.21555021229132
221,06/02/21 13:01:43,Temperatura,25.053382475719122
222,06/02/21 13:01:44,Temperatura,29.0745943464309
223,06/02/21 13:01:45,Temperatura,30.702145150734548
224,06/02/21 13:01:46,Temperatura,39.0534952447418
225,06/02/21 13:01:47,Temperatura,26.479798876876735
226,06/02/21 13:01:48,Temperatura,22.19932192410193
227,06/02/21 13:01:49,Temperatura,30.39113942711112
228,06/02/21 13:01:50,Temperatura,23.06366591883713
229,06/02/21 13:01:51,Temperatura,34.60894046660428
230,06/02/21 13:01:52,Temperatura,31.735479123221953
231,06/02/21 13:01:53,Temperatura,30.755235531290637
232,06/02/21 13:01:54,Temperatura,24.095460908980826
233,06/02/21 13:01:55,Temperatura,39.76549441778329
234,06/02/21 13:01:56,Temperatura,30.172628428348798
235,06/02/21 13:01:57,Temperatura,37.94574910132545
236,06/02/21 13:01:58,Temperatura,31.338592810923153
237,06/02/21 13:01:59,Temperatura,31.241364450943998
238,06/02/21 13:02:00,Temperatura,23.007269821763014
239,06/02/21 13:02:01,Temperatura,30.877363555405477
240,06/02/21 13:02:02,Temperatura,27.783557243327245
241,06/02/21 13:02:03,Temperatura,30.445765737114414
242,06/02/21 13:02:04,Temperatura,29.502960903756964
243,06/02/21 13:02:05,Temperatura,34.02803316273641
244,06/02/21 13:02:06,Temperatura,28.539521750980022
245,06/02/21 13:02:07,Temperatura,24.217553407311918
246,06/02/21 13:02:08,Temperatura,25.594703002456043
247,06/02/21 13:02:09,Temperatura,30.321721983574406
248,06/02/21 13:02:10,Temperatura,32.51822883505579
249,06/02/21 13:02:11,Temperatura,36.02029265822157
250,06/02/21 13:02:12,Temperatura,32.30974325443303
251,06/02/21 13:02:13,Temperatura,31.957586070191347
252,06/02/21 13:02:14,Temperatura,27.69795599130284
253,06/02/21 13:02:15,Temperatura,25.60665345631513
254,06/02/21 13:02:16,Temperatura,33.31066288351571
255,06/02/21 13:02:17,Temperatura,24.577095394788824
256,06/02/21 13:02:18,Temperatura,29.224703069544827
257,06/02/21 13:02:20,Temperatura,26.022342333037095
258,06/02/21 13:02:21,Temperatura,25.725695163841937
259,06/02/21 13:02:22,Temperatura,35.12029939056686
260,06/02/21 13:02:23,Temperatura,26.79348238007846
261,06/02/21 13:02:24,Temperatura,34.999603540754784
262,06/02/21 13:02:25,Temperatura,32.09635902922757
263,06/02/21 13:02:26,Temperatura,31.791632708233585
1,06/02/21 13:02:26,Maximo,44.44264700931737
1,06/02/21 13:02:26,Minimo,17.419651786908496
1,06/02/21 13:02:26,Mediana,30.209211886150186
1,06/02/21 13:02:26,Promedio,30.14464691792483
1,06/02/21 13:02:26,Desviacion,4.747450737368652
264,06/02/21 13:02:27,Temperatura,32.18643869783504
265,06/02/21 13:02:28,Temperatura,29.612563421957578
266,06/02/21 13:02:29,Temperatura,34.975974634124086
1,06/02/21 13:02:30,Maximo,44.44264700931737
1,06/02/21 13:02:30,Minimo,17.419651786908496
1,06/02/21 13:02:30,Mediana,30.21375497333957
1,06/02/21 13:02:30,Promedio,30.16839611642724
1,06/02/21 13:02:30,Desviacion,4.731657398802984
267,06/02/21 13:02:30,Temperatura,30.03413467666647
268,06/02/21 13:02:31,Temperatura,37.67734353506326
269,06/02/21 13:02:32,Temperatura,21.52851817308128
1,06/02/21 13:02:33,Maximo,44.44264700931737
1,06/02/21 13:02:33,Minimo,17.419651786908496
1,06/02/21 13:02:33,Mediana,30.209211886150186
1,06/02/21 13:02:33,Promedio,30.163710220262534
1,06/02/21 13:02:33,Desviacion,4.756591996717329
270,06/02/21 13:02:33,Temperatura,29.109623058566953
271,06/02/21 13:02:34,Temperatura,25.069220339644083
1,06/02/21 13:02:35,Maximo,44.44264700931737
1,06/02/21 13:02:35,Minimo,17.419651786908496
1,06/02/21 13:02:35,Mediana,30.188648613654802
1,06/02/21 13:02:35,Promedio,30.141105157606972
1,06/02/21 13:02:35,Desviacion,4.749505060201952
272,06/02/21 13:02:35,Temperatura,21.96457816997902
273,06/02/21 13:02:36,Temperatura,30.078368088014976
274,06/02/21 13:02:37,Temperatura,30.339350857211965
1,06/02/21 13:02:37,Maximo,44.44264700931737
1,06/02/21 13:02:37,Minimo,17.419651786908496
1,06/02/21 13:02:37,Mediana,30.1726284283488
1,06/02/21 13:02:37,Promedio,30.111865090852007
1,06/02/21 13:02:37,Desviacion,4.7491185222889145
275,06/02/21 13:02:38,Temperatura,26.095676243882835
276,06/02/21 13:02:39,Temperatura,35.30763499918178
1,06/02/21 13:02:39,Maximo,44.44264700931737
1,06/02/21 13:02:39,Minimo,17.419651786908496
1,06/02/21 13:02:39,Mediana,30.1726284283488
1,06/02/21 13:02:39,Promedio,30.116123506235986
1,06/02/21 13:02:39,Desviacion,4.748363057404649
277,06/02/21 13:02:40,Temperatura,25.332225690159028
278,06/02/21 13:02:41,Temperatura,23.534732965270628
279,06/02/21 13:02:42,Temperatura,32.94796788425124
280,06/02/21 13:02:43,Temperatura,36.760799856605345
281,06/02/21 13:02:44,Temperatura,24.474076480168293
282,06/02/21 13:02:45,Temperatura,33.66144859494872
283,06/02/21 13:02:46,Temperatura,39.465002745841915
284,06/02/21 13:02:47,Temperatura,28.391740991044326
285,06/02/21 13:02:48,Temperatura,24.50838426318017
286,06/02/21 13:02:49,Temperatura,27.43285113199996
287,06/02/21 13:02:50,Temperatura,26.15418501662264
288,06/02/21 13:02:51,Temperatura,34.67560018470596
289,06/02/21 13:02:52,Temperatura,37.71674892569638
290,06/02/21 13:02:53,Temperatura,31.450112565333523
291,06/02/21 13:02:54,Temperatura,26.42638698969636
292,06/02/21 13:02:55,Temperatura,22.936531301032197
293,06/02/21 13:02:56,Temperatura,28.662337717049382
294,06/02/21 13:02:58,Temperatura,27.071697900472724
295,06/02/21 13:02:59,Temperatura,26.40031502162147
296,06/02/21 13:03:00,Temperatura,28.734457001440767
297,06/02/21 13:03:01,Temperatura,24.635214653907994
298,06/02/21 13:03:02,Temperatura,32.05474996485199
299,06/02/21 13:03:03,Temperatura,28.731124244323194
300,06/02/21 13:03:04,Temperatura,31.092706433905455
301,06/02/21 13:03:05,Temperatura,30.567423612030254
302,06/02/21 13:03:06,Temperatura,34.50573911813538
303,06/02/21 13:03:07,Temperatura,27.458816001331147
304,06/02/21 13:03:08,Temperatura,34.45689956740066
305,06/02/21 13:03:09,Temperatura,29.345025043935834
306,06/02/21 13:03:10,Temperatura,24.574856906185772
307,06/02/21 13:03:11,Temperatura,31.98857705406939
308,06/02/21 13:03:12,Temperatura,23.939126412086814
309,06/02/21 13:03:13,Temperatura,22.480668843156902
310,06/02/21 13:03:14,Temperatura,26.054924635642678
311,06/02/21 13:03:15,Temperatura,37.100114059798955
312,06/02/21 13:03:16,Temperatura,37.30019182244621
313,06/02/21 13:03:17,Temperatura,24.2910230094586
314,06/02/21 13:03:18,Temperatura,22.62739318529694
315,06/02/21 13:03:19,Temperatura,30.990449849809767
316,06/02/21 13:03:20,Temperatura,28.94382960830279
317,06/02/21 13:03:21,Temperatura,34.581908767179335
318,06/02/21 13:03:22,Temperatura,34.66621864512345
319,06/02/21 13:03:23,Temperatura,24.193533626059818
320,06/02/21 13:03:24,Temperatura,24.483023141184198
321,06/02/21 13:03:25,Temperatura,22.510451034638823
322,06/02/21 13:03:26,Temperatura,29.340232559350888
323,06/02/21 13:03:27,Temperatura,27.273311654554295
324,06/02/21 13:03:28,Temperatura,23.77169859407121
325,06/02/21 13:03:29,Temperatura,21.730563647687397
326,06/02/21 13:03:30,Temperatura,33.294237170452874
327,06/02/21 13:03:31,Temperatura,24.959936527267402
328,06/02/21 13:03:32,Temperatura,24.679472658079057
329,06/02/21 13:03:33,Temperatura,29.44396180631089
330,06/02/21 13:03:34,Temperatura,37.02275235744553
331,06/02/21 13:03:35,Temperatura,30.64667058617303
332,06/02/21 13:03:36,Temperatura,21.546870470857673
333,06/02/21 13:03:37,Temperatura,28.46594306806129
334,06/02/21 13:03:39,Temperatura,32.840372213463446
335,06/02/21 13:03:40,Temperatura,31.773690057007443
336,06/02/21 13:03:41,Temperatura,38.746975518319914
337,06/02/21 13:03:42,Temperatura,33.63225606048805
338,06/02/21 13:03:43,Temperatura,35.872255784072664
339,06/02/21 13:03:44,Temperatura,29.339653980899826
340,06/02/21 13:03:45,Temperatura,25.164744957799265
341,06/02/21 13:03:46,Temperatura,24.044827252767337
342,06/02/21 13:03:47,Temperatura,27.005284078616175
343,06/02/21 13:03:48,Temperatura,26.648581529912732
344,06/02/21 13:03:49,Temperatura,47.85600380706467
345,06/02/21 13:03:50,Temperatura,27.609753640479358
346,06/02/21 13:03:51,Temperatura,28.792827196566122
347,06/02/21 13:03:52,Temperatura,24.641408645326806
348,06/02/21 13:03:53,Temperatura,31.64911506923709
349,06/02/21 13:03:54,Temperatura,14.716360721527835
350,06/02/21 13:03:55,Temperatura,35.431013219248044
351,06/02/21 13:03:56,Temperatura,32.341126464523114
352,06/02/21 13:03:57,Temperatura,27.179215686016487
353,06/02/21 13:03:58,Temperatura,26.797555009544105
354,06/02/21 13:03:59,Temperatura,28.973257271249643
355,06/02/21 13:04:00,Temperatura,23.46439034318851
356,06/02/21 13:04:01,Temperatura,39.35662851689652
357,06/02/21 13:04:02,Temperatura,33.13146761667139
358,06/02/21 13:04:03,Temperatura,25.303614605504627
359,06/02/21 13:04:04,Temperatura,28.488311482461445
360,06/02/21 13:04:05,Temperatura,35.543699027255826
361,06/02/21 13:04:06,Temperatura,28.032325080535944
362,06/02/21 13:04:07,Temperatura,25.454870004047255
363,06/02/21 13:04:08,Temperatura,23.073339314918208
364,06/02/21 13:04:09,Temperatura,30.09327559061745
365,06/02/21 13:04:10,Temperatura,33.5661899438141
366,06/02/21 13:04:11,Temperatura,24.026403284010343
367,06/02/21 13:04:12,Temperatura,31.01555865564132
368,06/02/21 13:04:13,Temperatura,35.52112609510983
369,06/02/21 13:04:14,Temperatura,26.591587299444136
370,06/02/21 13:04:15,Temperatura,28.36882416731639
371,06/02/21 13:04:16,Temperatura,32.332306771018
372,06/02/21 13:04:17,Temperatura,28.252474507428595
373,06/02/21 13:04:18,Temperatura,29.541094696428967
374,06/02/21 13:04:19,Temperatura,26.402245015328603
375,06/02/21 13:04:20,Temperatura,40.097815679797904
376,06/02/21 13:04:21,Temperatura,32.903798331411245
377,06/02/21 13:04:23,Temperatura,17.69020173802469
378,06/02/21 13:04:24,Temperatura,40.91382359666838
379,06/02/21 13:04:25,Temperatura,34.86473093880169
380,06/02/21 13:04:26,Temperatura,36.427932696828414
381,06/02/21 13:04:27,Temperatura,34.44936777571299
382,06/02/21 13:04:28,Temperatura,18.05727789557801
383,06/02/21 13:04:29,Temperatura,24.668155074883728
384,06/02/21 13:04:30,Temperatura,30.28061576918369
385,06/02/21 13:04:31,Temperatura,26.175064807837767
386,06/02/21 13:04:32,Temperatura,26.9140968724484
387,06/02/21 13:04:33,Temperatura,26.12767229525993
388,06/02/21 13:04:34,Temperatura,35.129298704192266
389,06/02/21 13:04:35,Temperatura,30.459131678202514
390,06/02/21 13:04:36,Temperatura,21.772675618605923
391,06/02/21 13:04:37,Temperatura,30.67404061871603
392,06/02/21 13:04:38,Temperatura,31.544936299400312
393,06/02/21 13:04:39,Temperatura,23.146659429745178
394,06/02/21 13:04:40,Temperatura,27.055128811065767
395,06/02/21 13:04:41,Temperatura,28.658563886386784
396,06/02/21 13:04:42,Temperatura,36.28220123677408
397,06/02/21 13:04:43,Temperatura,28.152831944070762
398,06/02/21 13:04:44,Temperatura,42.32504586306653
399,06/02/21 13:04:45,Temperatura,25.667866165311768
400,06/02/21 13:04:46,Temperatura,23.486017099847665
401,06/02/21 13:04:47,Temperatura,27.19933530575765
402,06/02/21 13:04:48,Temperatura,30.73083010649053
403,06/02/21 13:04:49,Temperatura,26.619181855031815
404,06/02/21 13:04:50,Temperatura,35.52648737172673
405,06/02/21 13:04:51,Temperatura,26.98637329296205
406,06/02/21 13:04:52,Temperatura,29.696366828495343
407,06/02/21 13:04:53,Temperatura,26.47655059092815
408,06/02/21 13:04:54,Temperatura,21.30418739409144
409,06/02/21 13:04:55,Temperatura,35.87704116164607
410,06/02/21 13:04:56,Temperatura,30.14981684384618
411,06/02/21 13:04:57,Temperatura,43.80136576802831
412,06/02/21 13:04:58,Temperatura,19.932616509466563
413,06/02/21 13:04:59,Temperatura,25.28192727068931
414,06/02/21 13:05:00,Temperatura,30.82423914142875
415,06/02/21 13:05:01,Temperatura,36.84175623124672
416,06/02/21 13:05:03,Temperatura,27.920450394251183
417,06/02/21 13:05:04,Temperatura,31.541014329823913
418,06/02/21 13:05:05,Temperatura,25.139200091197374
419,06/02/21 13:05:06,Temperatura,42.258930087015926
420,06/02/21 13:05:07,Temperatura,31.192807188659426
421,06/02/21 13:05:08,Temperatura,23.585443350205352
422,06/02/21 13:05:09,Temperatura,28.535306007660715
423,06/02/21 13:05:10,Temperatura,26.392122041492723
424,06/02/21 13:05:11,Temperatura,32.00128768746829
425,06/02/21 13:05:12,Temperatura,28.426658221949843
426,06/02/21 13:05:13,Temperatura,30.089215578894613
427,06/02/21 13:05:14,Temperatura,32.62544551980648
428,06/02/21 13:05:15,Temperatura,27.145529094441546
429,06/02/21 13:05:16,Temperatura,24.380981127647487
430,06/02/21 13:05:17,Temperatura,26.409004347362753
431,06/02/21 13:05:18,Temperatura,38.730842930229855
432,06/02/21 13:05:19,Temperatura,29.740038439486785
433,06/02/21 13:05:20,Temperatura,32.64949829743862
434,06/02/21 13:05:21,Temperatura,32.14523337693414
435,06/02/21 13:05:22,Temperatura,29.4059374410624
436,06/02/21 13:05:23,Temperatura,28.855029060282714
437,06/02/21 13:05:24,Temperatura,29.154394357924456
438,06/02/21 13:05:25,Temperatura,23.504940835125165
439,06/02/21 13:05:26,Temperatura,21.873673324075227
440,06/02/21 13:05:27,Temperatura,34.376153710256645
441,06/02/21 13:05:28,Temperatura,27.32595798408089
442,06/02/21 13:05:29,Temperatura,22.232859254897868
443,06/02/21 13:05:30,Temperatura,28.799817144799466
444,06/02/21 13:05:31,Temperatura,27.296030701712272
445,06/02/21 13:05:32,Temperatura,33.93694809894449
446,06/02/21 13:05:33,Temperatura,31.875143554299317
447,06/02/21 13:05:34,Temperatura,29.255687721739537
448,06/02/21 13:05:35,Temperatura,29.323367139606336
449,06/02/21 13:05:36,Temperatura,25.002173890525693
450,06/02/21 13:05:38,Temperatura,24.932488269607703
451,06/02/21 13:05:39,Temperatura,26.227591224022916
452,06/02/21 13:05:40,Temperatura,32.38651213797892
453,06/02/21 13:05:41,Temperatura,22.016991984538436
454,06/02/21 13:05:42,Temperatura,25.73976740760498
455,06/02/21 13:05:43,Temperatura,32.1188582941459
456,06/02/21 13:05:44,Temperatura,31.612929016236713
457,06/02/21 13:05:45,Temperatura,25.17750867898635
458,06/02/21 13:05:46,Temperatura,29.776465257957344
459,06/02/21 13:05:47,Temperatura,37.37588642315615
460,06/02/21 13:05:48,Temperatura,31.963133766086525
461,06/02/21 13:05:49,Temperatura,24.37976548583241
462,06/02/21 13:05:50,Temperatura,24.105746587017144
463,06/02/21 13:05:51,Temperatura,37.45707753739019
464,06/02/21 13:05:52,Temperatura,32.3783026743784
465,06/02/21 13:05:53,Temperatura,36.00180622099122
466,06/02/21 13:05:54,Temperatura,22.475396228788078
467,06/02/21 13:05:55,Temperatura,32.975747729075344
468,06/02/21 13:05:56,Temperatura,20.483797694168548
469,06/02/21 13:05:57,Temperatura,23.60341933106776
470,06/02/21 13:05:58,Temperatura,31.414434656783527
471,06/02/21 13:05:59,Temperatura,25.482582829405672
472,06/02/21 13:06:00,Temperatura,33.933224015538244
473,06/02/21 13:06:01,Temperatura,22.00523560944139
474,06/02/21 13:06:02,Temperatura,31.58852460892663
475,06/02/21 13:06:03,Temperatura,25.098475910495193
476,06/02/21 13:06:04,Temperatura,22.731846594547577
477,06/02/21 13:06:05,Temperatura,37.83402313302964
478,06/02/21 13:06:06,Temperatura,33.57455924998853
479,06/02/21 13:06:07,Temperatura,36.28578544289269
480,06/02/21 13:06:08,Temperatura,32.563773459508106
481,06/02/21 13:06:09,Temperatura,31.294981571153993
482,06/02/21 13:06:10,Temperatura,35.566879284029675
483,06/02/21 13:06:11,Temperatura,24.236841665143764
484,06/02/21 13:06:12,Temperatura,28.240008509279477
485,06/02/21 13:06:13,Temperatura,24.746976303923294
486,06/02/21 13:06:14,Temperatura,32.387330010288444
487,06/02/21 13:06:15,Temperatura,38.65544467362276
488,06/02/21 13:06:17,Temperatura,21.247056555255927
489,06/02/21 13:06:18,Temperatura,40.564052602025995
490,06/02/21 13:06:19,Temperatura,30.86855930705668
491,06/02/21 13:06:20,Temperatura,32.33334052305961
492,06/02/21 13:06:21,Temperatura,26.889626501885182
493,06/02/21 13:06:22,Temperatura,23.260397794440603
494,06/02/21 13:06:23,Temperatura,25.214205875944646
495,06/02/21 13:06:24,Temperatura,30.40181958658479
496,06/02/21 13:06:25,Temperatura,37.71022690627175
497,06/02/21 13:06:26,Temperatura,29.372896408866396
498,06/02/21 13:06:27,Temperatura,31.25424349743433
499,06/02/21 13:06:28,Temperatura,26.989002657504454
500,06/02/21 13:06:29,Temperatura,36.31253350361561
501,06/02/21 13:06:30,Temperatura,29.745861545163677
502,06/02/21 13:06:31,Temperatura,25.748971389151354
503,06/02/21 13:06:32,Temperatura,31.78094739295824
504,06/02/21 13:06:33,Temperatura,33.00765114101135
505,06/02/21 13:06:34,Temperatura,30.483295534038422
506,06/02/21 13:06:35,Temperatura,30.419903302455634
507,06/02/21 13:06:36,Temperatura,25.67635136919659
508,06/02/21 13:06:37,Temperatura,27.592550965413626
509,06/02/21 13:06:38,Temperatura,45.962971035244415
510,06/02/21 13:06:39,Temperatura,29.952674871435022
511,06/02/21 13:06:40,Temperatura,27.49240479633668
512,06/02/21 13:06:41,Temperatura,29.86616418091099
513,06/02/21 13:06:42,Temperatura,27.845705282496958
514,06/02/21 13:06:43,Temperatura,39.72247511596152
515,06/02/21 13:06:44,Temperatura,35.75309336400042
516,06/02/21 13:06:45,Temperatura,35.981380364288434
517,06/02/21 13:06:46,Temperatura,33.29642983218493
518,06/02/21 13:06:47,Temperatura,28.568247968493345
519,06/02/21 13:06:48,Temperatura,36.987485511436944
520,06/02/21 13:06:49,Temperatura,27.452274594720915
521,06/02/21 13:06:50,Temperatura,26.442329302426675
522,06/02/21 13:06:51,Temperatura,29.549421364251813
523,06/02/21 13:06:53,Temperatura,34.39185498331556
524,06/02/21 13:06:54,Temperatura,28.063102514260546
525,06/02/21 13:06:55,Temperatura,29.405174645812732
526,06/02/21 13:06:56,Temperatura,33.344299083157274
527,06/02/21 13:06:57,Temperatura,30.32921390451351
528,06/02/21 13:06:58,Temperatura,29.821683756177947
529,06/02/21 13:06:59,Temperatura,29.20184049312028
530,06/02/21 13:07:00,Temperatura,33.23533545960569
531,06/02/21 13:07:01,Temperatura,29.300770181753297
532,06/02/21 13:07:02,Temperatura,17.94526620216237
533,06/02/21 13:07:03,Temperatura,29.628364397043192
534,06/02/21 13:07:04,Temperatura,34.96285666547928
535,06/02/21 13:07:05,Temperatura,24.226232428771432
536,06/02/21 13:07:06,Temperatura,32.255456640734565
537,06/02/21 13:07:07,Temperatura,36.75399632748575
538,06/02/21 13:07:08,Temperatura,26.735847691069353
539,06/02/21 13:07:09,Temperatura,26.465133378472885
540,06/02/21 13:07:10,Temperatura,29.365992093135837
541,06/02/21 13:07:11,Temperatura,25.991976043781346
542,06/02/21 13:07:12,Temperatura,32.98687555009509
543,06/02/21 13:07:13,Temperatura,24.72097423013096
544,06/02/21 13:07:14,Temperatura,21.970233504189586
545,06/02/21 13:07:15,Temperatura,29.85759677282738
546,06/02/21 13:07:16,Temperatura,28.35872790401458
547,06/02/21 13:07:17,Temperatura,29.46628680501496
548,06/02/21 13:07:18,Temperatura,34.01827797127548
549,06/02/21 13:07:19,Temperatura,21.986377352956687
550,06/02/21 13:07:20,Temperatura,36.39702190572278
551,06/02/21 13:07:21,Temperatura,27.302068682944586
552,06/02/21 13:07:22,Temperatura,27.707830958180203
553,06/02/21 13:07:23,Temperatura,38.29540664004422
554,06/02/21 13:07:24,Temperatura,31.703646335959395
555,06/02/21 13:07:25,Temperatura,27.01161702773756
556,06/02/21 13:07:27,Temperatura,18.356177163745123
557,06/02/21 13:07:28,Temperatura,27.15828319127794
558,06/02/21 13:07:29,Temperatura,35.05270838304206
559,06/02/21 13:07:30,Temperatura,26.000575152137497
560,06/02/21 13:07:31,Temperatura,29.51716087652114
561,06/02/21 13:07:32,Temperatura,34.79743144032012
562,06/02/21 13:07:33,Temperatura,19.30956829297594
563,06/02/21 13:07:34,Temperatura,36.094964542477854
564,06/02/21 13:07:35,Temperatura,34.174227228530874
565,06/02/21 13:07:36,Temperatura,35.43887094264875
566,06/02/21 13:07:37,Temperatura,27.059169656782487
567,06/02/21 13:07:38,Temperatura,23.734667405094427
568,06/02/21 13:07:39,Temperatura,24.37153109445525
569,06/02/21 13:07:40,Temperatura,24.43033298943692
570,06/02/21 13:07:41,Temperatura,30.10180333354746
571,06/02/21 13:07:42,Temperatura,29.202988263492287
572,06/02/21 13:07:43,Temperatura,36.617064749785655
573,06/02/21 13:07:44,Temperatura,28.92494836602316
574,06/02/21 13:07:45,Temperatura,23.508466108149232
575,06/02/21 13:07:46,Temperatura,21.248578139396628
576,06/02/21 13:07:47,Temperatura,38.01578011962963
577,06/02/21 13:07:48,Temperatura,31.518801794613626
578,06/02/21 13:07:49,Temperatura,36.55188410883147
579,06/02/21 13:07:50,Temperatura,34.9072620458692
580,06/02/21 13:07:51,Temperatura,31.249176313164874
581,06/02/21 13:07:52,Temperatura,42.02021662993141
582,06/02/21 13:07:53,Temperatura,32.10008237471047
583,06/02/21 13:07:54,Temperatura,29.022822151833264
584,06/02/21 13:07:55,Temperatura,24.046552955545042
585,06/02/21 13:07:56,Temperatura,32.34415789981956
586,06/02/21 13:07:57,Temperatura,25.732588533196235
587,06/02/21 13:07:58,Temperatura,40.79997015407173
588,06/02/21 13:07:59,Temperatura,26.939317503067784
589,06/02/21 13:08:00,Temperatura,35.83693946835112
590,06/02/21 13:08:01,Temperatura,30.351967000655158
591,06/02/21 13:08:02,Temperatura,22.927280461505518
592,06/02/21 13:08:03,Temperatura,24.914067919992533
593,06/02/21 13:08:04,Temperatura,32.88368372920182
594,06/02/21 13:08:05,Temperatura,25.165301666821435
595,06/02/21 13:08:06,Temperatura,34.242693346940705
596,06/02/21 13:08:07,Temperatura,30.010418013006976
597,06/02/21 13:08:09,Temperatura,31.484485600500868
598,06/02/21 13:08:10,Temperatura,24.559471560066655
599,06/02/21 13:08:11,Temperatura,31.22283812990743
600,06/02/21 13:08:12,Temperatura,30.736881875684542
601,06/02/21 13:08:13,Temperatura,30.10173579271585
602,06/02/21 13:08:14,Temperatura,27.39858531237204
603,06/02/21 13:08:15,Temperatura,28.251249755948585
604,06/02/21 13:08:16,Temperatura,19.765138451006052
605,06/02/21 13:08:17,Temperatura,32.6625777156484
606,06/02/21 13:08:18,Temperatura,41.19169650011561
607,06/02/21 13:08:19,Temperatura,31.28015749267897
608,06/02/21 13:08:20,Temperatura,21.832281762545808
609,06/02/21 13:08:21,Temperatura,34.123159839045925
610,06/02/21 13:08:22,Temperatura,29.299933040576853
611,06/02/21 13:08:23,Temperatura,30.942923776077656
612,06/02/21 13:08:24,Temperatura,26.90080689162896
613,06/02/21 13:08:25,Temperatura,35.345904271287026
614,06/02/21 13:08:26,Temperatura,28.907422112138537
615,06/02/21 13:08:27,Temperatura,33.049798324644385
616,06/02/21 13:08:28,Temperatura,26.72255351445342
617,06/02/21 13:08:29,Temperatura,23.409898819303045
618,06/02/21 13:08:30,Temperatura,34.89161735814594
619,06/02/21 13:08:31,Temperatura,35.976083231722384
620,06/02/21 13:08:32,Temperatura,29.48844398100444
621,06/02/21 13:08:33,Temperatura,17.95397877852719
622,06/02/21 13:08:34,Temperatura,28.10197243908296
623,06/02/21 13:08:35,Temperatura,24.13316425992544
624,06/02/21 13:08:36,Temperatura,28.900225540762786
625,06/02/21 13:08:37,Temperatura,24.53624753428994
626,06/02/21 13:08:38,Temperatura,27.76463083815887
627,06/02/21 13:08:39,Temperatura,20.831536995575135
628,06/02/21 13:08:40,Temperatura,36.14990071543272
629,06/02/21 13:08:41,Temperatura,22.62904579666612
630,06/02/21 13:08:42,Temperatura,30.760625211269634
631,06/02/21 13:08:43,Temperatura,29.41871933106125
632,06/02/21 13:08:44,Temperatura,32.79533489335906
633,06/02/21 13:08:45,Temperatura,34.108448377034236
634,06/02/21 13:08:46,Temperatura,31.317247805323003
635,06/02/21 13:08:47,Temperatura,37.25299873264314
636,06/02/21 13:08:49,Temperatura,28.533298591539257
637,06/02/21 13:08:50,Temperatura,29.92339754586403
638,06/02/21 13:08:51,Temperatura,26.345148206421143
639,06/02/21 13:08:52,Temperatura,32.475647657937124
640,06/02/21 13:08:53,Temperatura,26.688534560798526
641,06/02/21 13:08:54,Temperatura,33.14461719002455
642,06/02/21 13:08:55,Temperatura,32.7163529471974
643,06/02/21 13:08:56,Temperatura,35.124366946259656
644,06/02/21 13:08:57,Temperatura,24.30525903427418
645,06/02/21 13:08:58,Temperatura,20.41406017100921
646,06/02/21 13:08:59,Temperatura,29.70000957953356
647,06/02/21 13:09:00,Temperatura,41.816718684435905
648,06/02/21 13:09:01,Temperatura,27.277097779971474
649,06/02/21 13:09:02,Temperatura,28.70490923101302
650,06/02/21 13:09:03,Temperatura,25.550952329618884
651,06/02/21 13:09:04,Temperatura,16.85545291151495
652,06/02/21 13:09:05,Temperatura,32.64727211359361
653,06/02/21 13:09:06,Temperatura,36.53890774275871
654,06/02/21 13:09:07,Temperatura,37.04123135571837
655,06/02/21 13:09:08,Temperatura,32.48670053125298
656,06/02/21 13:09:09,Temperatura,26.678022045230467
657,06/02/21 13:09:10,Temperatura,33.161508278498054
658,06/02/21 13:09:11,Temperatura,25.25948599134632
659,06/02/21 13:09:12,Temperatura,24.908396210594333
660,06/02/21 13:09:13,Temperatura,38.779746364001454
661,06/02/21 13:09:14,Temperatura,27.393584480364833
662,06/02/21 13:09:15,Temperatura,31.758274147013086
663,06/02/21 13:09:16,Temperatura,29.02022026872246
664,06/02/21 13:09:17,Temperatura,30.398100005367812
665,06/02/21 13:09:18,Temperatura,30.22472050549435
666,06/02/21 13:09:19,Temperatura,39.02345446431731
667,06/02/21 13:09:20,Temperatura,31.85136005239668
668,06/02/21 13:09:21,Temperatura,32.101899760767296
669,06/02/21 13:09:22,Temperatura,29.81980519335133
670,06/02/21 13:09:24,Temperatura,29.45619740817414
671,06/02/21 13:09:25,Temperatura,32.4380819172647
672,06/02/21 13:09:26,Temperatura,24.56923338085283
673,06/02/21 13:09:27,Temperatura,39.45268036074914
674,06/02/21 13:09:28,Temperatura,34.079055198323665
675,06/02/21 13:09:29,Temperatura,23.904001400659027
676,06/02/21 13:09:30,Temperatura,40.44896720630344
677,06/02/21 13:09:31,Temperatura,25.071250234665207
678,06/02/21 13:09:32,Temperatura,29.454879920940513
679,06/02/21 13:09:33,Temperatura,29.341935807847563
680,06/02/21 13:09:34,Temperatura,43.27596261563588
681,06/02/21 13:09:35,Temperatura,38.834434234015646
682,06/02/21 13:09:36,Temperatura,24.90357718972259
683,06/02/21 13:09:37,Temperatura,30.44707290456647
684,06/02/21 13:09:38,Temperatura,32.10576974114723
685,06/02/21 13:09:39,Temperatura,29.787042350450854
686,06/02/21 13:09:40,Temperatura,29.034843313108233
687,06/02/21 13:09:41,Temperatura,26.741859855830604
688,06/02/21 13:09:42,Temperatura,31.894261777087106
689,06/02/21 13:09:43,Temperatura,28.304860298460998
690,06/02/21 13:09:44,Temperatura,23.689421608744993
691,06/02/21 13:09:45,Temperatura,26.741790151382542
692,06/02/21 13:09:46,Temperatura,24.974201195745415
693,06/02/21 13:09:47,Temperatura,23.39997859267024
694,06/02/21 13:09:48,Temperatura,30.56632774647853
695,06/02/21 13:09:49,Temperatura,32.5853310034612
696,06/02/21 13:09:50,Temperatura,30.920580202555747
697,06/02/21 13:09:51,Temperatura,39.205512241951915
698,06/02/21 13:09:52,Temperatura,33.45870326962385
699,06/02/21 13:09:53,Temperatura,22.876498755578858
700,06/02/21 13:09:54,Temperatura,23.781302792063983
701,06/02/21 13:09:55,Temperatura,34.487852400061314
702,06/02/21 13:09:56,Temperatura,35.006834300175065
703,06/02/21 13:09:57,Temperatura,36.928613576700926
704,06/02/21 13:09:58,Temperatura,36.18609099208505
705,06/02/21 13:09:59,Temperatura,40.776713614041
706,06/02/21 13:10:00,Temperatura,39.58826989644123
707,06/02/21 13:10:01,Temperatura,21.30958797197028
708,06/02/21 13:10:02,Temperatura,42.16999643222553
709,06/02/21 13:10:03,Temperatura,32.15899623363744
710,06/02/21 13:10:05,Temperatura,36.13246208157873
711,06/02/21 13:10:06,Temperatura,34.71594162271341
712,06/02/21 13:10:07,Temperatura,24.930650255796813
713,06/02/21 13:10:08,Temperatura,33.15954109308792
714,06/02/21 13:10:09,Temperatura,25.619929527993396
715,06/02/21 13:10:10,Temperatura,30.475107495831608
716,06/02/21 13:10:11,Temperatura,31.488633225332848
717,06/02/21 13:10:12,Temperatura,30.73274894501456
718,06/02/21 13:10:13,Temperatura,35.31659701646018
719,06/02/21 13:10:14,Temperatura,27.53872825970987
720,06/02/21 13:10:15,Temperatura,34.946003547967806
721,06/02/21 13:10:16,Temperatura,32.07669918239438
722,06/02/21 13:10:17,Temperatura,33.89109882232186
723,06/02/21 13:10:18,Temperatura,27.44014695415187
724,06/02/21 13:10:19,Temperatura,37.549688635179734
725,06/02/21 13:10:20,Temperatura,28.487434289424918
726,06/02/21 13:10:21,Temperatura,26.35348150273674
727,06/02/21 13:10:22,Temperatura,38.35639064758786
728,06/02/21 13:10:23,Temperatura,26.144946866983
729,06/02/21 13:10:24,Temperatura,15.439860131350526
730,06/02/21 13:10:25,Temperatura,24.874923254187586
731,06/02/21 13:10:26,Temperatura,23.19589906927998
732,06/02/21 13:10:27,Temperatura,37.4406661726888
733,06/02/21 13:10:28,Temperatura,24.990831004031865
734,06/02/21 13:10:29,Temperatura,31.308960356779608
735,06/02/21 13:10:30,Temperatura,31.860546956514142
736,06/02/21 13:10:31,Temperatura,32.400473336517855
737,06/02/21 13:10:32,Temperatura,31.841273378016353
738,06/02/21 13:10:33,Temperatura,29.955973290065575
739,06/02/21 13:10:34,Temperatura,30.06015644862075
740,06/02/21 13:10:35,Temperatura,27.51512346359662
741,06/02/21 13:10:36,Temperatura,34.23748660716664
742,06/02/21 13:10:37,Temperatura,27.980330620867626
743,06/02/21 13:10:38,Temperatura,29.64730980686861
744,06/02/21 13:10:39,Temperatura,27.30819521173441
745,06/02/21 13:10:41,Temperatura,27.96514441914547
746,06/02/21 13:10:42,Temperatura,33.3130902988063
747,06/02/21 13:10:43,Temperatura,32.799858721425196
748,06/02/21 13:10:44,Temperatura,24.866480973960357
749,06/02/21 13:10:45,Temperatura,23.989660755460093
750,06/02/21 13:10:46,Temperatura,31.321866695083873
751,06/02/21 13:10:47,Temperatura,27.080806867361858
752,06/02/21 13:10:48,Temperatura,19.1974780088451
753,06/02/21 13:10:49,Temperatura,37.843907245077
754,06/02/21 13:10:50,Temperatura,27.851475563131586
755,06/02/21 13:10:51,Temperatura,23.297659952357208
756,06/02/21 13:10:52,Temperatura,20.61842051324348
757,06/02/21 13:10:53,Temperatura,33.431361403705765
758,06/02/21 13:10:54,Temperatura,29.60268715776232
759,06/02/21 13:10:55,Temperatura,31.057299923220278
760,06/02/21 13:10:56,Temperatura,26.309441825286957
761,06/02/21 13:10:57,Temperatura,34.62855596212869
762,06/02/21 13:10:58,Temperatura,27.1749964991945
763,06/02/21 13:10:59,Temperatura,33.53037181081425
764,06/02/21 13:11:00,Temperatura,31.939596001366965
765,06/02/21 13:11:01,Temperatura,39.072097322695974
766,06/02/21 13:11:02,Temperatura,24.54854751502995
767,06/02/21 13:11:03,Temperatura,34.58668580263381
768,06/02/21 13:11:04,Temperatura,39.099592768331476
769,06/02/21 13:11:05,Temperatura,26.3683163707692
770,06/02/21 13:11:06,Temperatura,35.323273199813066
771,06/02/21 13:11:07,Temperatura,28.700053337319382
772,06/02/21 13:11:08,Temperatura,26.85367079671323
773,06/02/21 13:11:09,Temperatura,28.382377747552663
774,06/02/21 13:11:10,Temperatura,32.22040923772575
775,06/02/21 13:11:11,Temperatura,29.914990742270614
776,06/02/21 13:11:12,Temperatura,30.958571189150234
777,06/02/21 13:11:13,Temperatura,24.58684160140681
778,06/02/21 13:11:14,Temperatura,33.03097949081007
779,06/02/21 13:11:15,Temperatura,28.904218722571013
780,06/02/21 13:11:16,Temperatura,22.940913244955247
781,06/02/21 13:11:17,Temperatura,29.456617667763833
782,06/02/21 13:11:19,Temperatura,27.016311453204
783,06/02/21 13:11:20,Temperatura,28.049966909578682
784,06/02/21 13:11:21,Temperatura,37.51123887466287
785,06/02/21 13:11:22,Temperatura,28.742554201962832
786,06/02/21 13:11:23,Temperatura,33.40458274777795
787,06/02/21 13:11:24,Temperatura,31.71131297066557
788,06/02/21 13:11:25,Temperatura,22.868970056772376
789,06/02/21 13:11:26,Temperatura,37.83151549137758
790,06/02/21 13:11:27,Temperatura,34.480776298407704
791,06/02/21 13:11:28,Temperatura,33.515115786600056
792,06/02/21 13:11:29,Temperatura,34.08037793398294
793,06/02/21 13:11:30,Temperatura,30.86346650300804
794,06/02/21 13:11:31,Temperatura,22.70909328477358
795,06/02/21 13:11:32,Temperatura,27.36344538040703
796,06/02/21 13:11:33,Temperatura,25.961620905533763
797,06/02/21 13:11:34,Temperatura,31.688583298662063
798,06/02/21 13:11:35,Temperatura,22.27837279106175
799,06/02/21 13:11:36,Temperatura,23.97615541249371
800,06/02/21 13:11:37,Temperatura,31.25603088006675
801,06/02/21 13:11:38,Temperatura,32.04785058117817
802,06/02/21 13:11:39,Temperatura,35.01290539891703
803,06/02/21 13:11:40,Temperatura,23.214238742833246
804,06/02/21 13:11:41,Temperatura,31.57706141413721
805,06/02/21 13:11:42,Temperatura,32.01422905645564
806,06/02/21 13:11:43,Temperatura,16.5363773385229
807,06/02/21 13:11:44,Temperatura,33.909399194394375
808,06/02/21 13:11:45,Temperatura,37.35437732082976
809,06/02/21 13:11:46,Temperatura,28.569584849745215
810,06/02/21 13:11:47,Temperatura,27.42645262461403
811,06/02/21 13:11:48,Temperatura,22.94173450408625
812,06/02/21 13:11:49,Temperatura,29.41743168335173
813,06/02/21 13:11:50,Temperatura,27.354745019204795
814,06/02/21 13:11:51,Temperatura,36.105483795230334
815,06/02/21 13:11:53,Temperatura,32.22916555401685
816,06/02/21 13:11:54,Temperatura,31.626544075342906
817,06/02/21 13:11:55,Temperatura,25.918285706388865
818,06/02/21 13:11:56,Temperatura,32.23259293376393
819,06/02/21 13:11:57,Temperatura,32.56323109754923
820,06/02/21 13:11:58,Temperatura,31.590290486697395
821,06/02/21 13:11:59,Temperatura,23.540129517737675
822,06/02/21 13:12:00,Temperatura,24.994704190068525
823,06/02/21 13:12:01,Temperatura,17.409319070151042
824,06/02/21 13:12:02,Temperatura,26.55079236356393
825,06/02/21 13:12:03,Temperatura,32.72732418243655
826,06/02/21 13:12:04,Temperatura,25.4616974292758
827,06/02/21 13:12:05,Temperatura,31.67489371883286
828,06/02/21 13:12:06,Temperatura,24.789849858484445
829,06/02/21 13:12:07,Temperatura,26.162102487343684
830,06/02/21 13:12:08,Temperatura,28.84236110518495
831,06/02/21 13:12:09,Temperatura,25.465422551845663
832,06/02/21 13:12:10,Temperatura,31.463116581000584
833,06/02/21 13:12:11,Temperatura,34.697317549026266
834,06/02/21 13:12:12,Temperatura,32.46445674767071
835,06/02/21 13:12:13,Temperatura,22.32242069271466
836,06/02/21 13:12:14,Temperatura,27.58459102025721
837,06/02/21 13:12:15,Temperatura,30.515714852687257
838,06/02/21 13:12:16,Temperatura,28.844759562405116
839,06/02/21 13:12:17,Temperatura,27.097587856462123
840,06/02/21 13:12:18,Temperatura,34.921885156025354
841,06/02/21 13:12:19,Temperatura,32.944118190895004
842,06/02/21 13:12:20,Temperatura,23.881280505596926
843,06/02/21 13:12:21,Temperatura,29.86145644987309
844,06/02/21 13:12:22,Temperatura,33.56394136694517
845,06/02/21 13:12:23,Temperatura,33.13857970192792
846,06/02/21 13:12:24,Temperatura,37.722533764765345
847,06/02/21 13:12:25,Temperatura,32.356088400985314
848,06/02/21 13:12:26,Temperatura,33.76134373073671
849,06/02/21 13:12:27,Temperatura,25.533460709883286
850,06/02/21 13:12:28,Temperatura,31.622577988763574
851,06/02/21 13:12:29,Temperatura,39.267348804858514
852,06/02/21 13:12:31,Temperatura,32.78204286487347
853,06/02/21 13:12:32,Temperatura,29.383809567941213
854,06/02/21 13:12:33,Temperatura,31.18035467774842
855,06/02/21 13:12:34,Temperatura,34.78969725749876
856,06/02/21 13:12:35,Temperatura,24.46673509114513
857,06/02/21 13:12:36,Temperatura,23.58406841004961
858,06/02/21 13:12:37,Temperatura,36.43699958763626
859,06/02/21 13:12:38,Temperatura,27.92095380366247
860,06/02/21 13:12:39,Temperatura,36.178902595064464
861,06/02/21 13:12:40,Temperatura,37.4256443359874
862,06/02/21 13:12:41,Temperatura,29.06456244871807
863,06/02/21 13:12:42,Temperatura,39.57716854975368
864,06/02/21 13:12:43,Temperatura,26.879174367969526
865,06/02/21 13:12:44,Temperatura,19.143622159879467
866,06/02/21 13:12:45,Temperatura,38.99215324150546
867,06/02/21 13:12:46,Temperatura,25.495858828659607
868,06/02/21 13:12:47,Temperatura,33.05376974826254
869,06/02/21 13:12:48,Temperatura,38.65307856002353
870,06/02/21 13:12:49,Temperatura,26.317493430197633
871,06/02/21 13:12:50,Temperatura,24.753923692311826
872,06/02/21 13:12:51,Temperatura,32.32047711540184
873,06/02/21 13:12:52,Temperatura,37.19759916072161
874,06/02/21 13:12:53,Temperatura,27.439993023769794
875,06/02/21 13:12:54,Temperatura,28.045112035815485
876,06/02/21 13:12:55,Temperatura,33.71328984224685
877,06/02/21 13:12:56,Temperatura,22.370323333911152
878,06/02/21 13:12:57,Temperatura,30.59214636816095
879,06/02/21 13:12:58,Temperatura,39.483162596249734
880,06/02/21 13:12:59,Temperatura,34.2852042072134
881,06/02/21 13:13:00,Temperatura,22.884781568914892
882,06/02/21 13:13:01,Temperatura,25.041827562983535
883,06/02/21 13:13:02,Temperatura,31.11925681486542
884,06/02/21 13:13:03,Temperatura,31.78540893967283
885,06/02/21 13:13:04,Temperatura,38.00449171751096
886,06/02/21 13:13:05,Temperatura,22.2049453194114
887,06/02/21 13:13:06,Temperatura,8.730000892024933
888,06/02/21 13:13:07,Temperatura,35.93523827671038
889,06/02/21 13:13:08,Temperatura,27.82663456726494
890,06/02/21 13:13:09,Temperatura,24.10569691466675
891,06/02/21 13:13:11,Temperatura,32.06600835581819
892,06/02/21 13:13:12,Temperatura,32.6314245660589
893,06/02/21 13:13:13,Temperatura,31.255026202241442
894,06/02/21 13:13:14,Temperatura,26.11495540797581
895,06/02/21 13:13:15,Temperatura,33.87592185663526
896,06/02/21 13:13:16,Temperatura,26.174193585082605
897,06/02/21 13:13:17,Temperatura,35.55416317846437
898,06/02/21 13:13:18,Temperatura,28.297216762278836
899,06/02/21 13:13:19,Temperatura,23.702346389971893
900,06/02/21 13:13:20,Temperatura,26.594170628650765
901,06/02/21 13:13:21,Temperatura,31.474412946939513
902,06/02/21 13:13:22,Temperatura,33.399898972150126
903,06/02/21 13:13:23,Temperatura,34.821211054820424
904,06/02/21 13:13:24,Temperatura,28.96284309425804
905,06/02/21 13:13:25,Temperatura,27.829094606981844
906,06/02/21 13:13:26,Temperatura,38.39673126909258
907,06/02/21 13:13:27,Temperatura,30.176299734404033
908,06/02/21 13:13:28,Temperatura,21.73241738794974
909,06/02/21 13:13:29,Temperatura,24.559800787240754
910,06/02/21 13:13:30,Temperatura,25.572176494913542
911,06/02/21 13:13:31,Temperatura,27.032365949933627
912,06/02/21 13:13:32,Temperatura,21.352019867269995
913,06/02/21 13:13:33,Temperatura,34.35232711979435
914,06/02/21 13:13:34,Temperatura,28.71581110050717
915,06/02/21 13:13:35,Temperatura,32.62537535297586
916,06/02/21 13:13:36,Temperatura,28.62832553000779
917,06/02/21 13:13:37,Temperatura,33.370502705351015
918,06/02/21 13:13:38,Temperatura,24.646667441724922
919,06/02/21 13:13:39,Temperatura,27.937067588559135
920,06/02/21 13:13:40,Temperatura,27.832223421371904
921,06/02/21 13:13:41,Temperatura,35.14423972659422
922,06/02/21 13:13:42,Temperatura,30.741638015828325
923,06/02/21 13:13:43,Temperatura,36.7986681008808
924,06/02/21 13:13:44,Temperatura,27.591303456789134
925,06/02/21 13:13:46,Temperatura,21.388321451020992
926,06/02/21 13:13:47,Temperatura,25.831239731045464
927,06/02/21 13:13:48,Temperatura,26.042872452192274
928,06/02/21 13:13:49,Temperatura,28.014090408222
929,06/02/21 13:13:50,Temperatura,35.41667061401911
930,06/02/21 13:13:51,Temperatura,27.162107411610737
931,06/02/21 13:13:52,Temperatura,34.42167907229059
932,06/02/21 13:13:53,Temperatura,23.428736754699706
933,06/02/21 13:13:54,Temperatura,30.93547560777403
934,06/02/21 13:13:55,Temperatura,22.565563873330547
935,06/02/21 13:13:56,Temperatura,32.308885316848915
936,06/02/21 13:13:57,Temperatura,27.08047721588629
937,06/02/21 13:13:58,Temperatura,28.77211275565282
938,06/02/21 13:13:59,Temperatura,29.123838521642035
939,06/02/21 13:14:00,Temperatura,26.142931389165625
940,06/02/21 13:14:01,Temperatura,20.717977529548463
941,06/02/21 13:14:02,Temperatura,28.47548535672123
942,06/02/21 13:14:03,Temperatura,31.045222545467688
943,06/02/21 13:14:04,Temperatura,24.32561502510995
944,06/02/21 13:14:05,Temperatura,28.116290971986153
945,06/02/21 13:14:06,Temperatura,34.96904094760944
946,06/02/21 13:14:07,Temperatura,27.583932539356102
947,06/02/21 13:14:08,Temperatura,23.870748506315024
948,06/02/21 13:14:09,Temperatura,26.110693905274655
949,06/02/21 13:14:10,Temperatura,23.271197312978764
950,06/02/21 13:14:11,Temperatura,30.378619153278652
951,06/02/21 13:14:12,Temperatura,28.418850240066526
952,06/02/21 13:14:13,Temperatura,35.501444261097504
953,06/02/21 13:14:14,Temperatura,31.08272526758792
954,06/02/21 13:14:15,Temperatura,27.26234742077454
955,06/02/21 13:14:16,Temperatura,31.99081908453778
956,06/02/21 13:14:17,Temperatura,16.953856692513828
957,06/02/21 13:14:18,Temperatura,35.318173632064045
958,06/02/21 13:14:19,Temperatura,34.3925107792082
959,06/02/21 13:14:21,Temperatura,38.77705218088091
960,06/02/21 13:14:22,Temperatura,23.475872455677617
961,06/02/21 13:14:23,Temperatura,25.141728864156768
962,06/02/21 13:14:24,Temperatura,34.14995276332057
963,06/02/21 13:14:25,Temperatura,33.525306582273615
964,06/02/21 13:14:26,Temperatura,30.2796422920516
965,06/02/21 13:14:27,Temperatura,26.59969038359112
966,06/02/21 13:14:28,Temperatura,27.758572200315868
967,06/02/21 13:14:29,Temperatura,43.02918423597645
968,06/02/21 13:14:30,Temperatura,36.269216981145895
969,06/02/21 13:14:31,Temperatura,24.17317928505519
970,06/02/21 13:14:32,Temperatura,33.2642107117125
971,06/02/21 13:14:33,Temperatura,33.7780675778775
972,06/02/21 13:14:34,Temperatura,25.591179505207524
973,06/02/21 13:14:35,Temperatura,35.83963017738403
974,06/02/21 13:14:36,Temperatura,40.88364391979804
975,06/02/21 13:14:37,Temperatura,32.92556686301246
976,06/02/21 13:14:38,Temperatura,33.92652448940126
977,06/02/21 13:14:39,Temperatura,22.400934831870035
978,06/02/21 13:14:40,Temperatura,38.04026589326639
979,06/02/21 13:14:41,Temperatura,32.69406175915531
980,06/02/21 13:14:42,Temperatura,38.633935929284846
981,06/02/21 13:14:43,Temperatura,27.906361314245117
982,06/02/21 13:14:44,Temperatura,20.760136210485456
983,06/02/21 13:14:45,Temperatura,38.33112919352294
984,06/02/21 13:14:46,Temperatura,36.55719508459039
985,06/02/21 13:14:47,Temperatura,32.94307536287279
986,06/02/21 13:14:48,Temperatura,36.38289179515753
987,06/02/21 13:14:49,Temperatura,33.057696543627536
988,06/02/21 13:14:50,Temperatura,33.5230388419657
989,06/02/21 13:14:51,Temperatura,33.458871941500625
990,06/02/21 13:14:52,Temperatura,26.448708830905897
991,06/02/21 13:14:53,Temperatura,32.019977683534954
992,06/02/21 13:14:54,Temperatura,28.374456795264358
993,06/02/21 13:14:55,Temperatura,30.174411274318572
994,06/02/21 13:14:56,Temperatura,22.508223923146822
995,06/02/21 13:14:57,Temperatura,26.069207931066696
996,06/02/21 13:14:58,Temperatura,30.745024429351588
997,06/02/21 13:15:00,Temperatura,24.31445878908585
998,06/02/21 13:15:01,Temperatura,36.236643550177874
999,06/02/21 13:15:02,Temperatura,33.61065396789789
